collinsdavid@example.org,u5cZFQ4ql3,Melanie,Knapp
fsexton@example.org,DG5ZphdJGh,Melissa,Phillips
vgrimes@example.org,QMBSIkVAqP,Ronald,Jones
arnoldlaura@example.com,IsNv4NLoBc,Brandy,Barker
shanetorres@example.com,GxSxKUoNsz,Shane,Reyes
hdecker@example.com,eYdKl3Dvjg,Kenneth,Shields
xgallagher@example.net,65P1sG4adr,Daniel,Fisher
cassandrarobertson@example.com,bMJfpUhdoY,Amanda,White
omardavis@example.net,h0ym1rp8hL,Jacob,Graves
rhawkins@example.com,JrTgo9cXsi,Mark,Smith
stacey74@example.net,1k6zN23O8c,Zachary,Hernandez
kylesaunders@example.com,sdKXvaVi6k,Laura,Hudson
willie90@example.net,2akSantfWS,Tiffany,Gardner
smoore@example.net,LF2cERZU3q,Roy,Ruiz
michaellarson@example.org,BUF5t59ZzV,Logan,Dudley
beandavid@example.com,ep6whXIHYL,Andrew,Ellis
alicia59@example.com,wGmknvXQYD,Anthony,Benjamin
colepeterson@example.com,iiaxgJOqbI,Gregory,Jensen
jacksonbrent@example.org,ES3HSoLLrM,Scott,Gonzales
timothythomas@example.net,RlwygFzPHz,Ronald,Moody
cherylvazquez@example.net,AdEkFg3OqH,Amanda,Cox
cbrown@example.net,2zQHYMUPx7,Thomas,Mills
hduncan@example.com,QwN8kbj7eT,Rebecca,Mitchell
wrightgeorge@example.com,PxGFt4KeuB,Judy,Hartman
jennifer88@example.org,URasS72VaV,Connor,Parker
richardrodriguez@example.com,gQaHaoR5ex,Linda,Beck
tlove@example.com,x1CnPkPpyv,Ronald,Johnson
medinasteven@example.net,tUAcOhAoGg,Eric,Floyd
christianshepherd@example.net,R6xXpff0bA,Timothy,Fuller
nicole95@example.org,Zc0pIWZ42h,Kevin,Moore
cgraham@example.org,dDsj2dPOj8,Linda,Cline
dennisbarrett@example.com,7a4tVFPd66,Tiffany,Ellis
laurendavis@example.org,wX52ojgxBn,Ann,Thompson
michael78@example.net,ipILHRHDKD,Marie,Smith
dwaynetorres@example.com,NO0QHGENXC,John,Sweeney
andrewsullivan@example.com,wr71M7G2un,Shane,Moore
sototeresa@example.org,mBqCKF81fW,Maurice,Hernandez
ashley93@example.net,AuxH5cpzFr,Brad,Spence
christopherharris@example.net,dk84h0dtIg,Jasmine,Fuentes
james26@example.net,Y6XmEEqzN2,Debra,Cox
monica59@example.org,IJOC9GZPC0,Jay,Castro
joseph15@example.org,2EYW36KX0B,Glenn,Acosta
xmiller@example.net,JioTSpkxPc,Matthew,Adams
chenson@example.net,nYjFxihCnQ,Lacey,Nunez
kyle10@example.com,JXL0B66dcU,George,Cole
jeffreymay@example.net,SutsohtuOU,Nicholas,Mejia
craig45@example.net,MbALeqnpdc,Patricia,Stewart
tammymartin@example.com,X6aIgu29uT,Sarah,Nelson
kyle43@example.com,hEQxnSLvba,Joseph,Moore
lisa12@example.net,1ZT2ZYdVo1,Taylor,Ellis
prattcameron@example.com,XfDg0XL1iO,Robert,Terry
lisa82@example.org,1Uyrfj1Xyf,Kenneth,Harris
tonyhowe@example.net,WH5XZABeN4,Charles,Dyer
christine68@example.com,m83Slfl15j,Adam,Mckinney
brittneylawrence@example.com,W61UxZyrCF,Kellie,Valentine
christine26@example.net,zKlV9HhZsB,Matthew,Mendoza
fdixon@example.com,tAKDVeILKr,Kelly,Lynch
ipearson@example.org,r2zTiZfL1Q,Jacob,Jones
xmoss@example.org,Mb3LkNP6gF,Christine,Johnson
savannahcastro@example.com,71AgQlsJrI,John,Greer
robertpowell@example.org,sb8NbCHVGH,Gabriel,Summers
vincent00@example.org,9MEFCkdVnv,Charles,Brown
dawnnicholson@example.net,C1ecMdmRHF,Carrie,Jimenez
lopezjohn@example.org,2hQOvvnsFL,Gina,Matthews
michael30@example.com,fY751CKO6q,Leah,Sanders
tyler14@example.com,IFrGD3SNAc,Alan,Flores
keith96@example.org,YurwFoIjYH,Gary,Padilla
thomaskramer@example.net,y2eeMrf1PT,Nichole,Thompson
alicia48@example.com,dQgz9VrLTK,Christopher,Peters
stephen27@example.com,79dGIENsOe,Shawn,Burnett
johnsonheather@example.org,PMpOUfVME0,Robert,Armstrong
mberger@example.com,Lo4YVX48GY,Earl,Phelps
ncarter@example.org,g8u4mjNPIB,Andrew,Alexander
simmonslawrence@example.com,q4Tq2FWlkt,Matthew,Ellis
pcaldwell@example.net,XXpDC47Bq5,Lynn,Chapman
autumn72@example.org,JqyS2Z7hZe,Melissa,Cole
uheath@example.net,dTceN1pqyf,Melissa,Bailey
kimberlypowers@example.com,Be0W11I0hG,Jack,Nguyen
andrew99@example.com,5neLNkd4Pp,Christopher,Nelson
hamiltonchristopher@example.org,Tb46olRKmJ,Elizabeth,Quinn
megan50@example.net,PZ8Ws7t1ui,Matthew,Marsh
katelynlee@example.com,vsrdsAy3Hz,Cynthia,Liu
fdavis@example.net,k7WlU8tOcy,Shane,Shannon
johnhiggins@example.org,DyEoZcHUBq,Shawn,Clark
wardevelyn@example.com,N59OSZu54b,Mark,Chavez
williamsonalbert@example.net,mLb8HlIb4C,William,Diaz
lwyatt@example.net,GZHV6Mvx1x,Andrea,Nelson
psantiago@example.org,ALyrL0eryW,Matthew,Nelson
sbell@example.com,EKKO0vpz5L,Anthony,Taylor
paigewilliams@example.com,pldg0WERph,Robert,Huynh
briandunn@example.com,V9pZVkU7oV,Rebecca,Griffin
sarah81@example.net,gsaE23WjsL,Timothy,Higgins
nsoto@example.net,DGZdMaU2J4,Scott,Martin
patriciareyes@example.org,MNQmo2i7gq,Roberto,Riggs
dwelch@example.org,K7srO4wlGp,Courtney,Fisher
kari48@example.com,EyWWH7fX8p,Natalie,Marshall
noah78@example.org,3U2EiPhE1X,William,Baker
ramirezrandy@example.org,Mg9b7Um4td,April,Webb
barbarashaffer@example.net,0ELhYkV6sW,Stephen,Bennett
tapiadustin@example.org,nFgPfk4Em7,David,Cole
mcgeenicholas@example.com,D8AdlqJNJm,David,Bailey
zcampbell@example.net,kcGJncMcmn,Anthony,Pugh
phudson@example.net,NnRpdenrzZ,Eric,Santos
david07@example.com,uf3mys94NV,Blake,Wu
caroline20@example.net,OuTjg8vvDZ,John,Jones
ahawkins@example.org,ohiujjOdiT,Tammy,Rollins
lisamartin@example.com,DfELFLnzgi,Lisa,Taylor
ellisjames@example.org,c5N4iNXijL,Molly,Clay
nina71@example.org,5gbKy9QkvP,Alexis,Griffin
julie60@example.org,clX4oTmrho,Amy,Phillips
joseph55@example.com,0iRd9rwSHB,Karen,Mccarthy
ronald69@example.org,ynirp2A2yg,Henry,Jacobs
mortiz@example.net,TUNCHN6rQK,Tanner,Sims
milesshannon@example.com,U50J1HhHRT,Larry,Gonzalez
sonya30@example.org,DEqEKyqau0,David,Martinez
oramsey@example.com,VdO96F4c0D,Mary,Choi
ojones@example.org,lShEqMnScX,Kayla,Greer
brianreyes@example.net,NgV1EjkhdE,Patricia,Murphy
jennifermontgomery@example.com,oe4PIgx4A5,Brian,Powell
ojones@example.net,7JZNCtuotb,Cole,Price
jefferyburke@example.net,zGsRcxuEOg,Erik,Martin
ybutler@example.com,VW6NAQR54n,Joy,Rodriguez
lhamilton@example.org,WMRZhabSrk,Randy,Fischer
youngchristina@example.org,jRRPLaQyFH,Ashley,Holland
stephanie83@example.net,8cN0V9Gst3,Aaron,Kent
ggordon@example.org,hd5bT8Xb2b,Meredith,Williams
jonesjames@example.org,0La7NdiztC,Jessica,Jackson
youngann@example.com,dPmD7Ox463,Ryan,Dorsey
kimberlyrangel@example.org,w8avmpwaHt,Johnny,Shah
hillzachary@example.org,slk46G9HG9,William,Vargas
kylejames@example.com,KskJOtBKEN,Catherine,Nelson
teresa87@example.net,jrU8ioqcQq,Tyler,Gonzalez
kimberlyreed@example.org,Wm4CWjj26I,Craig,Taylor
williamsjessica@example.net,BS7h5EYIcv,Karen,Schmidt
patricia17@example.org,68jiqqRWbI,Debra,Singh
kathryn83@example.com,vgk3OqAsTg,Angela,Martinez
laurenjackson@example.org,4XVmq2jixc,Jean,Campbell
xmurillo@example.org,2GhbkC6n2t,Melinda,Dudley
andrea13@example.net,s6XIi7aVfS,Denise,Ayala
craig60@example.com,DUeXR0oZMF,Roberto,Mason
jordan54@example.net,r3eqxkvcp0,Edward,Williams
mary20@example.net,FVReBrLDN7,Ronald,Taylor
lwise@example.org,rQJYyrUV0b,Amy,Bell
travis07@example.com,7nxwlcAU5q,Christopher,Davenport
perezjoshua@example.net,ntCcoQxHes,Anthony,Underwood
brownlori@example.net,F4Bfd5U9rO,Timothy,Smith
dbell@example.org,PRKMYniFmN,Joseph,Valenzuela
erinsmith@example.com,t5zHD5ouOg,Mark,Fox
coleheather@example.com,DjD2WWCUoz,Matthew,Thomas
hgarcia@example.com,X2v9TWlmNq,Courtney,Hays
cohenjon@example.net,odSZaicjIb,Ralph,Moore
eric22@example.net,lh7WxXvImc,Bryan,Johnson
kmitchell@example.org,H8sciDb5L2,Valerie,Steele
bhill@example.net,xdXyRbAZYd,Adam,Berry
cheryl55@example.net,NKWFYYgokg,Veronica,Frye
cbennett@example.com,3AksZmY6pG,Katrina,Lee
jamesspears@example.com,EKqHFTpRoe,Christopher,Arnold
ahawkins@example.org,aYH5MrIutN,Robert,Peterson
hawkinsmark@example.net,NU7S7PoSnS,Randy,Garza
christopher18@example.com,6jxY5YiXYt,Cynthia,Ramirez
ghunt@example.org,Yw8HkFgE8A,Thomas,Sosa
powersjames@example.org,w7S6cLF6eH,Troy,Hernandez
masonwalsh@example.net,sDIKbnkRTD,Rachel,Johnson
bushedward@example.com,8vPKWsdW7l,Allison,Ramirez
wellsjohn@example.com,6X3bGvtRkS,Marcus,Bates
marc26@example.org,jYy6i5TdXr,Nichole,Young
carolsmall@example.org,WW3jbmDRpK,Darren,Bell
connorday@example.net,IdSxGPUSnG,Robert,Martin
rachel72@example.net,b9uKVuwPNe,Lori,Mcdonald
hford@example.com,pFqHa1Tl9q,Brian,Holloway
russomichael@example.com,8Yz9hEBYQR,James,Blackburn
katherine16@example.org,O3QsM4hEVC,Cody,Anderson
thomas22@example.net,oPqtvV0okS,Grant,Garcia
santosbethany@example.com,VpCBxoQrCL,Michele,Ortiz
travis92@example.com,ZSVSGKMmrx,Dawn,Coleman
htaylor@example.com,0tEkRsxg5U,Connie,Dunn
theresa86@example.net,Nd8I1yZwzf,Bonnie,Bean
sara36@example.com,DoWcpJH5Kp,Richard,Williams
dustinrobinson@example.net,ggDbZBfI9P,Travis,Mcclain
jillnorton@example.com,35fcQAj9j6,Dustin,Wolf
emartinez@example.net,ObrR2tNl4h,Brittany,Rios
bryandorothy@example.com,QSOO4k9uO0,Sandra,Wood
vasquezbill@example.com,MkKXSpCVlf,Sara,Rodriguez
dawn90@example.org,HSAxi4VZAV,Adam,Moore
kimberly67@example.com,q3TWnD9cCq,James,Holmes
fhorton@example.org,B0gr2XMHz8,Rebecca,Moore
glenncain@example.net,61rQnFKlwN,Christopher,Ray
wobrien@example.com,qK7VgwWhRE,Michael,Walters
whitneydean@example.com,N1tKTGoKIu,Samuel,Hamilton
jessica68@example.net,FUsnVxAHh6,Jesse,Brown
jane43@example.net,Z0aZhZyh8U,Austin,Willis
jesusrasmussen@example.com,mx3RU4alNM,Timothy,Rose
edwardthompson@example.org,gPLRZAQWVp,Paige,Hernandez
bwheeler@example.org,jrK7R57krB,Sarah,Roman
wdavis@example.net,dh1U6fa9HH,Kimberly,Ortega
scottgregory@example.com,KZ1mTbh2P7,Willie,Jordan
jane92@example.com,GXtWpsV65k,Bradley,Gutierrez
jeffreythomas@example.org,CZBk1SCDg6,James,Atkins
maria56@example.org,5hcC9hAk4i,Bruce,Galvan
zmeadows@example.net,WDXcbCYpJH,Rebecca,Brown
iyoung@example.org,xVHAgxjxa7,Nancy,Escobar
smithbarbara@example.net,AW3JGnZt4C,Julie,Hart
dawsonphilip@example.net,I3BbdxaSKn,James,Nelson
alyssa34@example.net,CpvpGyPFZB,Jessica,Pittman
jortiz@example.com,5uFQJLsZz7,Megan,Cooper
hannahchristensen@example.org,Wluo7DCdfc,Angela,Davenport
joseph83@example.net,vbgkQYGrjF,Christian,Willis
morganlynn@example.org,xCYO4ZsdTz,Cynthia,Castaneda
brownanthony@example.com,qg59sJ1AJa,Kristin,Anderson
zjones@example.com,M7UVw0m2M3,Heather,Stein
michael47@example.com,KVza6QhooT,Abigail,Powell
pittmanmeredith@example.com,RrhEQd3cmF,Jose,Cook
bradley52@example.org,PQ23a9zo5z,Kimberly,Cain
sgonzalez@example.org,hdkEzY796h,Dawn,Mckay
davisgeorge@example.com,4WcDCVvcUU,Rachel,Harrison
amycohen@example.org,uyEJffDbfL,Jon,Ritter
garciakaren@example.org,vRQYVjJF91,Hannah,Best
hhill@example.net,I3DYCG1rPT,Abigail,Jones
hwashington@example.com,n0J3eQhQJN,Gina,Carter
lhorne@example.com,CIXrgEvThK,James,Santos
ganderson@example.org,ZHB6Gppkqh,Sandra,Warren
jonathan33@example.org,JVu0HIw5n8,Sean,Stephens
jenniferrowland@example.net,STAVvrVg54,Jeanne,White
hpollard@example.com,F3MPbE42IT,Michelle,Becker
robert60@example.com,bPMBLYWk6F,Sarah,Cochran
brenda39@example.com,rLsdMMO55x,Cynthia,Powell
roy98@example.com,1dFsZQtcXU,Katelyn,Phillips
travis37@example.org,oOoPCOGPvA,Thomas,Wood
dennisgomez@example.net,WM2CTIwF4d,Rachel,Marsh
jamesvalerie@example.com,LFehraDNoI,Erin,Smith
bryanperez@example.net,mrQoNYxVro,John,Riley
martinezchristine@example.net,VxhMBrdKGw,Gina,Daniels
gthompson@example.com,VjzQceLKd4,George,Perez
mikeking@example.com,fUygrSFqZD,Christopher,Andersen
debravelez@example.org,j5nbfS1Sni,Kyle,Ramirez
annwilliams@example.net,cLMAs7n3QL,James,Kelly
matthew06@example.org,5cixCWXdgG,Jeffrey,Jones
jensenrobert@example.org,3ko0Uf24sQ,Sheila,Wilson
jacksongeorge@example.org,EibIqKfb57,Zachary,Palmer
ericksonlisa@example.com,BD7JMJfkHe,Christopher,Bailey
xhanson@example.net,o4Ks8Rapr7,Savannah,Gentry
regina77@example.net,8sOB3ox2QC,Bobby,Smith
tina34@example.net,4VhdRySsLg,Donald,Reid
daniel60@example.com,KSiqOvp77W,Mariah,Cannon
ashley66@example.net,kVWljoJkAr,Mary,Jenkins
cstokes@example.com,IP6cGbl3gV,Russell,Thompson
alarson@example.net,nKvWovQW4M,Warren,Carter
ccraig@example.com,XxBw2imcg9,Amy,Cochran
kerry51@example.net,XDL5NtTJpr,Joanna,Phillips
jamie57@example.net,ymTezKpVAC,Annette,Thompson
zachary20@example.net,max7sbhLXS,John,Rodriguez
jnguyen@example.net,i9QhBb1msp,John,Owens
juanharris@example.net,5lHryq4g5c,Joshua,Brown
edwardlewis@example.com,rzXESlmAnS,Nicholas,Ramirez
crossleah@example.net,XksLGU6qkW,Amanda,Gray
ymcclure@example.com,A38mQc7SFZ,Jaime,Stanton
troygarza@example.net,bNCPUfdNbn,Robert,Jackson
jeffrey57@example.net,xCA6ladzQH,Joseph,Gonzales
keith58@example.net,1epHr0s5VO,Laura,Gray
pspears@example.net,bKKwvuFyUb,Vincent,Brock
woodgina@example.com,oZPmRDiER1,Christian,Pratt
lindsey10@example.org,SGdzJljFR1,Samantha,Flores
joshuajones@example.com,lX2AYxp8rn,Jonathan,Nguyen
christinecordova@example.net,uhXmx6iqm6,Bruce,Heath
jameswilliams@example.net,xaPY8NHVjL,Zachary,Dickerson
xwashington@example.org,9az8pa2X6z,Lauren,Gonzalez
joshuasmith@example.net,M9PF8BdIS9,Daniel,Wong
jose53@example.org,QP4DiBiP3X,James,Tran
vjohnson@example.net,hvVxxulCaZ,Angela,Jones
lowejohn@example.com,VmP1FKcxRR,Dustin,Mendez
gregorykevin@example.org,OiHldmDLZk,Phyllis,Cannon
kwest@example.com,jJvGoiPPP7,Michelle,Spears
qgarcia@example.org,yze9QH9roj,Nicole,Robbins
sharpkimberly@example.org,EpENyFB0r7,Eric,Barnes
michaelyoder@example.com,URsMQtFTp1,Stephen,Townsend
coxrichard@example.com,0x5aCQdXVv,Benjamin,Hanson
emmahart@example.com,hQBwk10Cnd,Brandon,Webb
tdavis@example.com,2zQ2qOCLhU,Troy,Payne
jgray@example.org,Pq2VVt3hyH,Judy,Navarro
audrey08@example.com,ZocpMeIOU5,Steve,Lane
emontoya@example.org,safA6ta8UR,Jeffrey,Campbell
wilsonkatie@example.org,VsdraIi8SI,Jeffery,Allen
barrjames@example.org,Yt09dOz1ct,Jennifer,Deleon
gabrielle62@example.net,wiH0Rfkou8,Cassandra,Baker
matthewmccullough@example.org,ajzqWQOcZA,Nicholas,Anderson
jacob64@example.org,XdgeXYM8ph,Nathan,Sanders
tuckerchristina@example.net,KuV3zOISai,Diana,Reyes
cameronmatthew@example.net,U51JrHRL5a,William,Brennan
reyestricia@example.org,iypKRAz70f,Connie,Salazar
bentonmichaela@example.com,dUrWLzdFG3,Alexander,Salazar
craig76@example.org,vXDzyz6Zwx,Richard,Snyder
jameshernandez@example.org,yxsmNv0Ar7,Crystal,Shepherd
osmith@example.net,gOIOnC5Z0A,Sharon,Neal
yhaynes@example.org,d13Xj33Xqz,Nicholas,Skinner
williamsonjoshua@example.net,LLVAcwPlw3,Peter,Levine
gallaghersean@example.org,DfTVMNfxEM,Austin,Hall
johnrogers@example.net,uLRXLWFoEQ,Ronald,Griffith
dpotter@example.com,ytSfl3dky0,Matthew,Rosales
wclark@example.com,1KB9UcHQL9,Laurie,Clark
jenny49@example.com,EtjeIKcLdB,Brittany,Watson
alec18@example.org,mysy7uCdRx,Kathleen,Shaffer
vlynn@example.org,AaLQxJDZVs,Dustin,Smith
areed@example.org,PdHlKXkYoS,Michele,Maldonado
rileymelissa@example.net,PbNWlG7AWV,Chad,Benson
toddgonzalez@example.net,NxD3brddLE,Taylor,Webb
amberwilson@example.org,qOtd2ICcEm,Thomas,Smith
xrush@example.com,GgtW06Ha9J,Jasmine,Lamb
iburns@example.org,mRPXAxdtcx,Edward,Reynolds
romeroshane@example.org,AVDhaIUIMi,Christine,Boyle
richard86@example.com,hH5cXFQWKB,Tiffany,Davis
qjames@example.com,zm7orWkjxN,Veronica,Tate
bethcampos@example.com,4el4bS2dTL,Robert,Barnes
jjoyce@example.com,FKhDbDsLGI,Katherine,Baker
rodgerskristine@example.org,XcWrfPy6q6,Andrew,Erickson
morgancarol@example.net,Mj9UyQGgkU,Edward,Peterson
josephsamantha@example.org,eeXSUJamiG,Nicholas,Craig
alicia56@example.com,Ezt3PI5JqQ,Melissa,Hill
joan66@example.net,Hu5MGjQKa5,Scott,Harper
lopezwilliam@example.org,CK1UrRr9zw,Heather,Simmons
salazarnancy@example.com,nevXhy94v9,Amber,Morris
thomasscott@example.org,01pliRLgLI,Mark,Roberts
rachelsmith@example.net,I49PrpPEL9,Jeremiah,Lee
zsutton@example.org,v4iGHPZkLH,Brooke,Jefferson
ylopez@example.net,UqCNxqgLfM,Robert,Brown
wgay@example.com,FP4yW76SLe,Gregory,Lewis
rhondasmith@example.org,cEqbbaUeq6,John,Martinez
edward27@example.com,eLuiiG4at9,Jason,Davis
jdorsey@example.org,OY9VrWKZze,Frank,Cuevas
ahernandez@example.net,tN58bBRrfM,Shannon,Brown
wsmith@example.com,Z3vlcHdngn,Andrew,Anderson
lambertangela@example.net,ToikkT4cei,Makayla,Brown
ashley39@example.com,0uon2G9r0b,Suzanne,Lopez
jenniferdominguez@example.net,jCwzOYHuOK,Robert,Jackson
kimberlyosborn@example.com,lftVMLwrCB,Ralph,Hale
autumn66@example.net,BsX6rd8YS4,Michael,York
sarah80@example.com,vV7jYSWOUz,Bradley,Estrada
wendymassey@example.net,j1lcIzefNM,Matthew,Meyer
patrickknight@example.net,dMznsjIoiD,Susan,Garcia
michael47@example.com,4qldDW68lt,Derek,Benson
hollandmelissa@example.net,YzMrWrzFZy,Yolanda,Black
richard19@example.net,gfIU1UpRWj,Anthony,Washington
zarmstrong@example.net,FcojzLudCA,Kevin,Cantrell
frederick31@example.com,l3U3V2ypko,Melanie,Wong
rhondacampbell@example.org,u0LV982Fab,Melanie,Vaughan
holmesbrenda@example.org,MriASMe1RQ,Jessica,Hoffman
reyesshawn@example.org,3uSfYtpFEz,Donna,Jones
harrypeck@example.com,dUSeoLzXZp,Rebecca,Wilson
wileychad@example.org,I1arkBecMc,John,Foley
mariagregory@example.org,V1VDg3rauz,Victor,Woods
kjensen@example.org,ZeKMJsA9Fu,Dylan,Jordan
rjohnson@example.com,QCrLAY3dIF,Cory,George
amanda16@example.org,rkiqYnbjnu,Brian,Smith
amberstevens@example.net,bA20rWqUNK,Rickey,Burke
stevenbates@example.org,XzrFuAsjyM,Eric,Buchanan
burchsarah@example.com,hgblQVhRWC,Maria,Fernandez
richardsonbrittney@example.org,Gyh1NoSJ1P,Meghan,King
miranda30@example.net,sb5au1VeBy,George,Knight
joshua28@example.org,JM8qFke2yY,Kenneth,Holmes
flemingregina@example.com,3OiNXaYreo,Brad,Phillips
marialee@example.com,8R7L8vZslZ,David,Petersen
murphystephanie@example.com,AkVQVYEn3M,Jennifer,Graves
andrewfields@example.org,O8UfjicfCk,James,Johnson
davisalicia@example.net,BKdKJIPXFT,Benjamin,Wheeler
lalexander@example.org,w8ZCBhmCLo,Lori,Pratt
sanchezmichael@example.com,4jY0KxH7Cn,Russell,Carlson
aaronchang@example.org,0LmoMPk7Np,Rodney,Medina
annzamora@example.com,sc2wCUo0gx,Rachael,Holland
katherine65@example.net,58UrIfvHWe,Jeanne,Martin
linda63@example.com,dQSWU2pBiu,Jeffrey,Rodriguez
rhodesjoan@example.com,fOhqs26JhH,Jeffery,Hartman
richard08@example.net,ZVsTW7LgDV,Ashley,Glass
valerie98@example.org,r4B6QSXI2V,Jeremy,Hill
christopher16@example.com,9wFTkWryHO,Ryan,Cook
laneamanda@example.org,qFFzoCueRx,Melissa,Smith
smithjohnny@example.net,rPfF0s3gF1,Melissa,Hernandez
eugenetrevino@example.net,Xud1oR4tyu,Pamela,Rogers
hgilbert@example.net,aDgcjMAxmR,Douglas,Mcdaniel
camposwalter@example.net,peZXJEKkMc,Holly,Park
jacksonjohn@example.com,rDUJGINy14,Jennifer,Rodriguez
chandlernatalie@example.net,CxKxLShKEG,Jessica,Jones
benjamin61@example.com,4bvHaKsBV3,David,Brown
howejames@example.com,Zt7YkmGzUj,Gina,Oneill
brooke94@example.org,HjUXoGq640,Lori,Smith
dunnjennifer@example.net,nEUSCj9IMw,Stacy,Maldonado
daniel35@example.net,E0LFXikDdB,Nicole,Lawrence
brettdodson@example.com,h9hKtw8bir,Kevin,Black
mnorris@example.net,sAUUkwIxIk,Lisa,Doyle
donnarowe@example.org,SOmNeJ3NMi,Jessica,Skinner
whitewilliam@example.net,9QX6nFnVc0,Thomas,Howell
zunigalindsey@example.com,OWNtiKbhn6,Katelyn,Gallegos
robertmyers@example.com,fSzWHSnCrO,Kevin,Nelson
davenportmichael@example.org,P2kCee5771,Justin,Powell
christopher08@example.net,SHbw3VC6By,Rachel,Montoya
flowersthomas@example.com,EZqwJ3KtR5,Maria,Barnes
hawkinswilliam@example.net,djiuJxtU4J,Robert,Martin
kathleenparker@example.com,RaDEHy0YTO,Mary,Rodriguez
scox@example.net,flnGT1cN33,Katie,Griffith
fstanley@example.net,scK939VIB0,Janice,Michael
ahuynh@example.com,yDKM4IEjxv,Chad,Santiago
snavarro@example.org,qtfGILwfNZ,Tyler,Manning
tracythomas@example.net,2sChYWoGkQ,Ashley,Silva
brittney26@example.com,JsNHKq0c3T,Maria,Nguyen
ecabrera@example.com,FcPjlHTFns,Anita,Wiggins
donald92@example.com,WofB2n6Xue,Michaela,Erickson
michaelramirez@example.net,Fg6K6LRA6c,Mark,Ramos
samanthajohnson@example.net,QvgrZT1pOB,Nicholas,Deleon
jeremy44@example.net,s9sYBiRuLt,Lauren,Alexander
ovazquez@example.net,bKrXHpCyj7,Bryan,Mccormick
frances40@example.net,vDKxnQ0mXt,John,Jenkins
caleballen@example.org,86OaoKHawj,Summer,Salinas
kevinross@example.net,6rPLmof5Uq,Erin,Neal
patrickmichael@example.com,GfB6XXNIHU,James,Townsend
michaelwolf@example.org,3NVVd4kheR,Matthew,Yu
steven63@example.net,DOdlWa7rba,Amanda,Miller
ganderson@example.org,h9JScDzXqq,Robert,Bennett
greyes@example.com,lzR5UZs4Rz,Wesley,Thompson
jamesswanson@example.net,5RV4vyE0ir,Eric,Peters
mblake@example.net,biqNEPUJ9t,Jennifer,Robinson
aaronquinn@example.com,38V5pCoLlh,Albert,Jackson
smiller@example.net,B8Eah22L6V,Karen,Sanchez
xsingh@example.net,sU0F9uRSf0,Stephen,Roberts
oarmstrong@example.org,q5GpGmQssU,Timothy,Miller
ucannon@example.net,PqpIjjHzJU,Jeremiah,Cain
claytonemily@example.com,3NWNUuW4U2,John,Wiley
nanderson@example.org,uxO2Lkx3ln,Veronica,Barnett
laurenfields@example.net,JBJkeJAlft,Stephen,Harris
ruizmelissa@example.com,XGNGV0phSI,Carlos,Malone
qgarcia@example.net,9kpNUZ1lu7,Thomas,Perez
coxjames@example.com,SLlhiWV0cQ,Jennifer,Frost
salinastamara@example.net,O6nvdxw9K5,Wesley,Hunter
millerjennifer@example.org,nPL7ekppB0,Elizabeth,Brown
nrose@example.com,AEfGEh9CcQ,Gloria,Dean
gravesmark@example.net,Gt3u0IT41A,Janet,Smith
paulamolina@example.com,3XFI6AEt1t,Colleen,Parker
vwhite@example.com,Hd9hC6DI7s,Jennifer,Obrien
dhubbard@example.com,ioBu8FxOli,Angela,Edwards
valeriebaker@example.com,uf6ew9Pg7S,Laura,Page
adavis@example.com,O97yjwpItU,Julie,Turner
brandonpatterson@example.net,LakFNFb1Kl,Karen,Contreras
wendyjones@example.net,qNJr3unhfL,Ivan,Wood
natalie20@example.org,yPQrhHQFdQ,Jessica,Anderson
dianeestrada@example.org,1YRvLeq1jR,Brian,Nolan
lorihuynh@example.com,8Gnkd0gLuc,Tonya,Donaldson
zimmermanelizabeth@example.org,5hdBzbs1cK,Wendy,Cobb
michael91@example.org,8XzkFzAsxy,Caroline,Fitzpatrick
jeffersonchristopher@example.net,O1kRm1mcv7,John,Wood
danielstanley@example.org,kCMPa0WRwr,Roberto,Diaz
sararoy@example.com,7tU0LteEQ9,Jennifer,Moreno
ijohnston@example.com,MmpGVg4hgl,Sharon,Padilla
osmith@example.net,clsMfugHpO,Janet,Nelson
john43@example.net,D1ZaKnvA0O,Timothy,Boyle
mbaker@example.com,PmaiBFR4ZZ,Robin,Hughes
jaimemorris@example.com,oqWfV9KgTm,Brian,Brooks
teresapeterson@example.org,cEV2w3NyB3,Sean,Flynn
jacqueline73@example.org,YP0I0dZDeg,Lauren,Martin
jeff48@example.net,epbqBBKuP1,Gail,Molina
nicholsontodd@example.org,MH0EIRtJS8,Crystal,Hampton
kellymedina@example.net,g74TiL5kwf,Tony,Miller
blakeboone@example.com,z3taGoVWg1,Alexis,Taylor
ipacheco@example.org,O5wPKskj0G,Lisa,Cuevas
susansilva@example.net,oFoYGSPYuq,Ray,Huff
melissashannon@example.com,xDHiZ1ENAV,Jason,Lee
smithlauren@example.net,0Xupw8DJBU,Caitlin,Keller
peteranderson@example.org,OMddz0s6cf,Kristy,Cohen
ncamacho@example.org,wdNFovewrA,Jason,Collier
zbennett@example.com,Nsnjwukw44,Heather,Thomas
caroline30@example.com,WPC5auIo2r,Jacob,Walker
moraleswarren@example.org,IITvcW1Iqo,Molly,Hale
lopezchristina@example.net,EtAaqJugIV,James,Shepherd
ogarza@example.net,ajYDBKopkD,Karla,Davis
ramosashley@example.net,0ldMbVPB0i,Troy,Carter
julie03@example.net,vSevYTcdyO,David,Sandoval
petersenbrandi@example.com,rAjontjQVq,Peter,Baker
wadesarah@example.com,fJeiypKTWo,Christopher,Hatfield
montoyadaniel@example.com,gByYvGsTEV,Amy,Robertson
hhill@example.com,yXtdaSLSrw,Kelly,Lynch
marianovak@example.net,70zLqVhKkM,Martin,Smith
ysantiago@example.com,VlTTe33qL4,Timothy,Sandoval
erin99@example.com,DEWLIi4E7b,Amber,Parker
eramos@example.net,sSXe2FWxJ5,Joshua,Rose
sbrown@example.org,0DiG1VlKgR,Daniel,Gonzalez
markwood@example.com,iz3ZyL2cF0,Megan,Weber
elliselizabeth@example.com,yGQvw7KUlp,Dana,Hancock
xellis@example.com,in9xBIVpRl,Jacob,King
megan93@example.org,m9enfqx8mC,Gary,Morales
brightmelissa@example.com,MENxO5D84a,Timothy,White
eddiebennett@example.org,5TAQEkzZRE,Lori,Williams
cynthia57@example.net,wSvP0Vl23z,Derek,Phillips
leeamanda@example.org,NELWF8Iw0N,Yvonne,Jackson
vmorales@example.org,Pqf6pJ9Rv4,Stacy,Becker
ryanjohnson@example.net,s6KJXaM4c8,Carol,White
megan06@example.com,BuVLLhTv7k,David,Martin
cberger@example.org,RnTA9PSi4M,Todd,Levine
james61@example.org,ei4nDkIoyI,Donald,Torres
david60@example.org,xxlsf4WbgC,Renee,Walker
gregory57@example.com,jcNtlzSSxr,Thomas,Miles
jperry@example.org,Ddda7R418R,Yvonne,Garcia
jillglover@example.com,jHWzoEvoSP,Kathy,Harris
ofoster@example.org,DiTBtackj9,Nicholas,Robinson
xjimenez@example.com,zObM0qvjO9,Erin,Smith
romanamanda@example.org,s6PyryXq1p,Angelica,Roberts
jennylee@example.com,tts8B0uhVc,Colleen,Bradley
rachel32@example.org,018s79MF0j,Donna,Cardenas
thomas02@example.com,dJQG3ydYcC,Jody,George
christinehensley@example.net,G46CvZisO7,Amanda,Barnes
davila@example.com,oDSWYzQZKP,David,Reyes
benjaminerickson@example.com,I1sntKRYhb,Nancy,Cox
emilyfigueroa@example.org,OMOkfCPyO3,Heidi,Fisher
bakerjessica@example.net,O9nuScfdDF,Timothy,Rios
kathleenmartinez@example.net,lUMq1TcanG,Michael,Mitchell
virginia58@example.net,xTYPMRiVh2,Charles,Carey
jenniferbutler@example.net,0JCc6Av1qf,Peter,Mcclain
emmaroy@example.org,kGC3RMlrw3,Richard,Ramsey
mandymacdonald@example.net,3q1R2vAKv3,William,Torres
brian68@example.com,yIRSlFJebl,James,White
lucerolarry@example.org,SlyyecOBUL,Andrea,George
briannaramirez@example.net,NZXNPnI1lt,Patricia,Crawford
stevensonjonathan@example.net,JOqkiuF4Jo,Matthew,Sullivan
meadowstimothy@example.org,qaGdmYVqQv,Derek,Daniels
crosbymichelle@example.net,7Afe96ebqh,Anthony,Austin
christina10@example.org,A6wkYz6mIx,Brett,Wade
chasemartinez@example.com,7tu8PfbSsY,Maureen,Montgomery
malonejennifer@example.org,DaWWFhJ0Cu,Joseph,Simpson
alyssaharrison@example.net,KGgqRcAezn,James,Cooper
jessicawhite@example.net,yxlSXuLSEC,Craig,Campbell
ruizlogan@example.com,UJYjovwuSn,Elizabeth,Castillo
jspencer@example.org,9W9vtwFHah,Thomas,Taylor
xcollins@example.net,KSTzGGdo2h,Briana,Cooper
rboyd@example.org,Kjo8ROyyp8,Jeremy,Cervantes
gonzaleschris@example.net,xzlSHV5NsZ,Kathy,Rhodes
jedwards@example.net,o53MQ4E7vn,Steven,Brooks
jonathanwatson@example.org,KH3ODE1goP,Robert,Campos
banderson@example.net,35tZc1jOCn,Molly,Campbell
townsendstephen@example.org,4nRMmwsnPI,Katherine,King
gallowayjennifer@example.org,1QNdZLNMrj,Andrew,Nolan
rsilva@example.com,3EShANdE9X,Justin,Moore
willie22@example.org,DY78Z07Kmg,David,Brown
dalton60@example.net,RiJPNnkral,Samuel,Sawyer
ievans@example.com,3lHGnP1YFZ,Terri,Coleman
zbrooks@example.net,PY4rKhZp7f,Alexandra,Villegas
ghicks@example.com,L3kjCl9gib,Courtney,Rodriguez
hansenwillie@example.net,tAg5jH6Wml,Justin,Sheppard
zramirez@example.com,no5K2A1ZJG,James,Dixon
smithrobert@example.net,AMeumAUVgy,Jennifer,George
vincentsolomon@example.com,rR8fJlId1H,Eric,Sanchez
andersondaniel@example.net,E6WKR0h9B0,Jeffrey,Rodriguez
jennifersullivan@example.com,LP1436pAA4,Heather,Waller
randygriffin@example.org,vS8riLbNTY,Deborah,Kelly
henrycordova@example.net,gu84YdODbq,Julie,Hernandez
bryanjohn@example.org,SqwWyEPRc8,Jennifer,Obrien
christinagilbert@example.net,kbe1AOhtyC,Amy,Gutierrez
uhernandez@example.net,2XSvCXrYKg,Debra,Castaneda
rachelgill@example.com,EDcDSm02Fz,Mark,Huber
delacruzleah@example.net,IN0oTjbegk,Cynthia,Sanchez
sanchezjessica@example.net,wg3ufNqWnp,Michael,Gill
carolynlee@example.com,J8fMurmKJK,Hannah,Gallagher
eking@example.org,fYdTeD7XKU,Natalie,Chaney
lucasnicholas@example.net,WXaYnvfHG6,Jill,Lewis
david71@example.org,aHaSNWWhPO,Edward,Bowen
sarah86@example.net,pvspwACJJT,Alison,Miller
tschultz@example.org,HYojiuz0DI,Ronald,Mcknight
nmoreno@example.com,f23Oyhixqr,Cynthia,Becker
kristinahopkins@example.net,aFrGQR6V1Y,Jennifer,Stewart
christopher17@example.org,wRa8YZbAY5,Caleb,Lopez
ann86@example.net,CgvwnIYpWI,Timothy,Knapp
robert84@example.net,LHJfuvWDfz,Emily,Hill
charlene34@example.com,H39gjnMSXa,Alexandra,Johnson
angela25@example.net,mU7ROjbFKS,Kyle,Love
sandraevans@example.com,41AzaArJLl,Thomas,Johnson
robyn39@example.com,dun6dHn1Hp,Dennis,Carroll
jenniferfloyd@example.net,WHIAOlTVWY,Melissa,Martinez
timothy56@example.net,8xSuwzlUwK,Penny,Calhoun
ruizbrian@example.com,GfgPGObiCp,Randy,Knapp
yjohnson@example.com,hCXjrXHZcp,Jordan,Scott
andrewgreen@example.net,WrexBFgfeU,Gregory,Garcia
griffintimothy@example.net,LdEm5JJo4f,Shelby,Palmer
michaelthompson@example.net,M9h1b5VllS,Anita,Carr
astone@example.net,6LTjQC1zGd,Melissa,Christian
harveylori@example.net,XYpOuFbitk,Angela,Ellis
francobrian@example.org,qfVJNx40hh,Luis,Reid
russell28@example.org,CHZMTeLJV7,Troy,Pacheco
blarson@example.net,3dhHa4wchU,Nicole,Bender
nicole73@example.org,Ro2xUqYN7m,Betty,Moore
mwright@example.com,72CMiEI7RK,Kristen,Foster
tparker@example.net,2rfjT68zec,George,Butler
knightchad@example.org,fcjqQZwqXP,Cynthia,Patterson
melissa67@example.net,kOg5NkRmM4,Cory,Campbell
pamela02@example.com,lXdXqBV8hg,Robin,Richards
robertsonchristopher@example.org,63H4AgJ0x9,David,Washington
hramirez@example.com,n7BL6gd0pc,Kristen,Mack
thomasgibson@example.com,RozZilZTfO,Joseph,Taylor
torresluke@example.net,0Bd0fueop4,Victor,Garcia
jessicakennedy@example.net,sfdsFAcjd5,Joseph,Burton
johncole@example.net,gKL6wITTbR,Spencer,Thomas
guzmandanielle@example.org,8Pew1Rva7U,Leslie,Schwartz
ericrobertson@example.com,BKryWILg2n,Ariana,Hoover
zachary18@example.com,jj3FlcZ97v,Olivia,Garcia
yjohnson@example.net,G1CsNDqd3J,Renee,Snyder
jacksonphillip@example.com,tOn8IHqZ1S,Andre,Smith
alisonspencer@example.org,MIuSkZ01fT,Joseph,Hodges
zwalsh@example.net,f4ov1CwDGG,Kimberly,Payne
contreraschristopher@example.net,HlO5d9fOBV,Randall,Miller
kimberly84@example.com,EHxwhaAR90,Gregory,Brooks
twilliams@example.net,ALehJD2cvq,Sharon,Williams
rebecca18@example.com,MwSM4bVq7o,Victor,Robinson
miguelhoover@example.com,B9pz0RbNPp,Laura,Wu
anthony18@example.com,iLKQEfduIT,Krystal,Wheeler
todd25@example.net,W0XiKRzXKf,Patricia,Sanders
bcline@example.com,kCfCqKRNOk,Brittany,Bell
brookeparker@example.org,kbAqa0XHVO,Michael,Diaz
coliver@example.org,xvb3Zr9wdL,Samantha,Diaz
robbinseric@example.org,PRwABvKWtc,Linda,Friedman
spencertina@example.com,RzILnovNNd,Mary,Stewart
brenda08@example.org,l25aQ9qkoC,Matthew,Keller
kathy78@example.net,mWG341FVJm,Lori,Ayala
veronica65@example.com,BH0BkpdlFM,Bradley,Knight
marycoffey@example.com,CitLbqiCd0,Tracy,Martinez
lindawilliams@example.org,Fng4czFYdb,Ryan,Lowery
flowersdavid@example.com,kcMK5AILnk,Patrick,Thomas
amy88@example.org,A3L4OKFzgg,Peter,Stafford
destiny94@example.org,CqVS8B1wfk,Ruben,King
jlopez@example.org,TbO8RbMImp,Andrew,Holmes
briannavillarreal@example.com,rbHaAtlmNb,Mary,Reyes
morannancy@example.net,okjP9BuLr3,Michele,Tate
obates@example.net,BkkhLmxUp7,John,Holland
elizabethjenkins@example.com,7d3NTlTCfU,Susan,Gomez
coffeyharry@example.org,0Gw4dRELJ6,Amanda,Townsend
bethscott@example.net,Iecat13l1H,Sarah,Hayden
jlee@example.com,pVxDoGXHSo,Luke,Moody
daniel97@example.net,465sCDvqjH,Kaitlyn,Salazar
youngjackie@example.com,eWnADBjMz5,Michael,Stewart
ryan04@example.net,S2EkAVGkkw,Christina,Stevens
gordonturner@example.org,0fIeNqJ49l,Jonathan,Cameron
frankwerner@example.com,W1LDWthVd8,Katie,Vaughan
hensleydonna@example.com,YHIVqM80wv,Charles,Solomon
christy94@example.net,jfsYsqxcsZ,Vickie,Meza
brenda88@example.com,j0srlBChaP,Stephanie,Scott
moorewillie@example.com,SwTjvXPrTl,Andrea,Brady
carrillomichael@example.com,w9T1Qwl3X4,Joshua,Becker
jeremyrivera@example.net,NwvkoLLRx0,Bradley,Hall
wcross@example.net,9dTphwaLeL,Timothy,Ward
joshuajones@example.org,pG37qbOmGZ,Casey,Thomas
prattchristine@example.org,4HdwaShSG2,Robin,Ruiz
blane@example.com,whiZNDrAnd,Anna,Ramirez
codywright@example.com,pjDVtIGTSe,Mindy,Blair
wallison@example.com,YbolGuf6z2,Ariel,Miller
fhood@example.org,ooj8g6dksR,Gary,Lopez
kimberlymorrow@example.org,tUSZu8wUW1,Catherine,Marshall
johnperez@example.org,SJ1NEBOg2y,Dominique,Perry
colemanrobert@example.net,sGdGeP2sNl,Justin,Phillips
bartonmatthew@example.org,wc1v6XSeSN,Adam,Reid
shannon96@example.org,f7FIV0MJP1,Michelle,Rodriguez
melissasalazar@example.com,fk4q6LcTsI,Michael,Roberts
andrewjordan@example.com,NwMYKiqhtJ,John,Macias
amcdonald@example.org,P8aDGcfTnq,Monica,Mckinney
hayesjeremy@example.org,umsP4HHUog,Carl,Martinez
richard49@example.net,othL0tBuXG,Brianna,Collins
scrawford@example.net,6PZG5Boqel,Ashley,Wilson
stewartbrenda@example.com,W0nqoKiu7D,Theodore,Smith
marcusclayton@example.org,C2sJlH7Qtb,Steven,Knox
donnachan@example.net,QEsyMIi3fp,Brian,Oconnor
pearsonbrianna@example.org,sWZ2gdRBW3,Stephanie,Moreno
jose02@example.org,SZRHhd0BxS,Kurt,Deleon
jbenson@example.org,TCBGmFkG0W,Ryan,Frederick
adamsmelissa@example.org,CyLTBW4Kyy,Isaiah,Stevenson
copelandrenee@example.org,VVLpmLTxCX,Jeffrey,Garner
rachel99@example.org,Kj3XhRPwHP,Aaron,Bowman
justinstewart@example.org,RGubVCInxh,Ashley,Davis
hendersoncynthia@example.org,8t21rRUIlL,Alexandria,Hanson
john63@example.net,e3yJmGwKZ5,Joshua,Mitchell
zcoffey@example.com,7YcpJKB8ok,Julian,Williamson
rebeccaolson@example.org,pE0Hcbac32,Alan,Anderson
christinaboyle@example.com,vwSqXSiI0r,Chad,Daniels
robert61@example.com,zkLRcs8kWB,Thomas,Villanueva
ehernandez@example.com,kG5u8s16CR,Jennifer,Valentine
erose@example.net,PMnVf0fjbC,Keith,Mason
scoleman@example.org,LccUNeyiKA,Susan,Hernandez
oking@example.org,O0fLB9MygQ,Tracey,Long
steventhompson@example.net,VeYoPEXQXz,Rodney,Ryan
janiceduran@example.net,jnuQ0nrb4R,John,Roberts
robertsweeney@example.com,o79OyVWXAa,Jesse,Lee
piercejeffery@example.net,yzPVpVnQFz,Tammy,Nash
petersmark@example.com,nHf83uPflW,Daniel,Hall
pughamy@example.com,wMsTXO6OZE,Walter,Lucas
rodriguezmarvin@example.com,8dWRs0Fmmu,Ross,Miller
olittle@example.com,ELB7xeJos2,Jonathan,Kim
jessica96@example.net,Qo6w1hVyfT,Sharon,Jenkins
fayers@example.com,hKWV23fcsf,Laura,Johnson
hahnjames@example.org,XtnWGXyzoB,Emily,Moore
sheila53@example.com,RDOVGKerIi,Monica,Wagner
uwright@example.org,b3LVroPqSC,Paul,Cook
tasha89@example.com,yY6UIlSgKi,Karen,Hernandez
qnewton@example.com,EKYO8TVoQK,Brenda,Smith
jamesmelissa@example.com,DctFQceJXi,Laura,Duarte
rebecca91@example.net,HsrIhhZTIG,Jody,Moore
aaron73@example.com,H3JmHtFecF,Jessica,Howard
jasminedavis@example.net,W7ldKHfaq0,Katherine,Oliver
yellison@example.org,n3YjPXBuzk,David,Gonzales
turnerfernando@example.net,ToLDccnPpW,Lori,Curtis
gramirez@example.net,B8kZLJAfUT,Jason,Turner
jeffreykim@example.org,pStkeZN6z6,James,Thomas
jeffreyadams@example.org,Its4RqoIzJ,Amanda,White
jamestaylor@example.com,UTH6hZZDzb,Margaret,Miller
heather46@example.net,FsOJFOvvbG,Raymond,Luna
ubradshaw@example.com,qoZimWL5qC,David,Williams
timothybuchanan@example.net,eFVZ4zICPB,Christina,Dudley
rcampbell@example.org,GJWQHSG1Br,Brandy,Sanders
jordan07@example.org,Q4K6BU3J4h,Anna,Mason
deanmichelle@example.com,jAGsMwj8fZ,Nicholas,Little
heather86@example.net,2sHiU28xdY,Amanda,Hudson
hallpaul@example.com,YNqSzRCKvJ,Glenn,Powell
qbarker@example.com,P258a4o137,Brian,Wong
tyler98@example.net,XBTIyCwdfk,Katherine,Herrera
davisevan@example.com,rGRTYiKx5P,Anthony,Shelton
bearddebbie@example.com,NwlvebOb6B,Lisa,Hudson
xharris@example.net,hfeiu1t9Jr,Brooke,Jennings
kristinehernandez@example.org,aXwDTOShdF,Glenn,Garcia
rperez@example.org,I6RowOcMXc,Theresa,Baker
gabrielle55@example.org,QgardBJTET,Ryan,Ramirez
estradadarrell@example.net,h6L48uOMOO,Thomas,Chapman
ystone@example.org,Jn0OeLvMuR,Amanda,Henry
jeffreyharris@example.org,jF0kK04NcV,Timothy,Diaz
randyhampton@example.org,gEWDZp9pDS,Nathan,Baird
jochoa@example.com,IMAKf5wqAm,John,Castro
charles76@example.net,ufFabNGDLn,Lauren,Caldwell
henrydaniels@example.net,RTcBbqA9gI,Donald,Johnston
ybates@example.net,UhPeXspDxK,Rebecca,Johnson
fjackson@example.com,egNvQ1RCZT,Kenneth,Lucas
hugheskari@example.com,2B39MYjqZG,Logan,Fletcher
lucas08@example.org,Aja3c2Lkye,Brandon,Dillon
ryan34@example.com,zuNYhNKmvn,Beverly,Henry
whitejorge@example.net,zpI5d5TFzp,Rachael,Riley
zguerra@example.net,bsFCm4Frsn,Heather,Stephens
kevin76@example.com,t2Z1PzWlMd,Andrew,Larsen
allengentry@example.com,pqcrAgY6XL,Alison,Weber
brownanthony@example.org,3OocrWbSn4,Michael,Murphy
qgreene@example.net,37A1AkFMiH,Brandon,Garza
charris@example.org,70Mv12L1f3,Stacey,Avery
ashleyshah@example.com,9PAfUsnUIo,Nathan,Garcia
jenniferturner@example.net,lbwOM8WNQb,Charles,Guzman
hallamy@example.com,C8VG0h5v0n,Roger,Krueger
ustafford@example.org,k4zrR6rzE5,Joseph,Gonzalez
jameshanson@example.com,oEndIHIQZa,Mary,Gomez
robert14@example.org,WnVcUQTDWA,Russell,Williams
cookkimberly@example.com,TsyjHBy70r,Anthony,Mckinney
howard79@example.net,NtMrBO1mqs,Richard,Knapp
jamesjefferson@example.net,MXga2CBJNX,Christopher,Smith
vbrooks@example.net,1USXV3g0U2,Christopher,Garcia
seth50@example.org,hrXUnMlF85,Hector,Chavez
harrisryan@example.com,j2ovbaQ40U,Julie,Rhodes
tmcdaniel@example.com,qg5uwbmAQa,Erin,Christensen
michael90@example.org,cCOyvJuTG8,Kelly,Humphrey
achandler@example.net,bkWS54sU0B,Alexis,Clark
saundersjustin@example.net,YE5D5Fs47X,Theresa,Stokes
vickie15@example.org,0tmPTkg2fg,Shaun,Howard
hmartin@example.net,2NevnAw3fa,Amy,Sullivan
clewis@example.net,z3LVRVLHGl,Kevin,Espinoza
sean69@example.org,3EAarOTrUR,Michelle,Lawson
qyoung@example.org,LelDXOk2Og,Virginia,Roberts
colemanalexis@example.com,3Ft3g5Qx8G,Joseph,Salazar
thomas25@example.com,mcYQo0ZS8F,Marissa,Wells
ssolis@example.org,2geAroyFHj,Madeline,Braun
steven71@example.com,DOi1IhfjKH,Jeffrey,Moore
nina59@example.com,IMIASV1H5f,Ashley,Thomas
jerry14@example.org,Qnwk0OXntO,Elizabeth,Nixon
richardsmith@example.org,AVPpqlnQdb,Andrea,Bowman
fhuffman@example.net,ZrZd1kDOpE,Amy,Villanueva
bruce61@example.net,MqiHgFG0Qm,Arthur,Newton
gabriella10@example.com,uivoonSs7r,Pamela,Warner
tpreston@example.com,IKjRFn88FU,Robin,Edwards
christian71@example.org,zojrj3Z8bC,Julia,Rojas
roy24@example.net,ZyWadDTlt9,Steven,Wallace
amy42@example.com,o5PNQQt5lq,Gina,Ibarra
martinezjohn@example.net,VKcbcSQrAZ,Kelly,Mccormick
lmartin@example.net,v7x5vJ8Upt,Michael,Allen
jeffrey46@example.net,Sztd1io9h2,Sandra,Barron
floydsteven@example.org,L8SslJs4ih,Justin,Curtis
tonya78@example.net,NFrHUWpdje,Melissa,Diaz
gonzalezapril@example.net,OI4ZEMm1lx,Katherine,Wang
moorechad@example.net,prS3D6ruWN,Christopher,Cain
nicolepatton@example.org,j3KUdiicEr,Anita,Jackson
dhoover@example.org,DhKkaZnqkK,Susan,Cortez
uvaldez@example.net,BLrhEfrdDX,Julie,Marsh
tvalencia@example.org,JLWdYl69bd,Ian,Duncan
taylor30@example.net,NmGTrpI0Cz,Frederick,Santana
owebb@example.net,dwSfXynV2v,Cheryl,Fitzpatrick
xbrown@example.com,GkiHcUk2Pu,Courtney,Davis
james99@example.com,kxTieS51zm,Tom,Barry
christina19@example.com,530hgQi800,Jeff,Davis
wjohnson@example.net,N5IRcALkTM,Michelle,Scott
bowenjordan@example.net,dR48gplTuq,Phillip,Larson
barnettsophia@example.com,yrCZqAf3pP,Rachel,Rivera
sherylsanchez@example.org,6ZY4DHYKnx,Daniel,Graham
romanjeffrey@example.com,BSguK2jgXZ,Joseph,Johnson
rodriguezcaitlin@example.com,vO70JiMVnb,Angela,Price
michaelgonzalez@example.org,V1dKDSVonz,Austin,Newman
brandonjohnson@example.com,KmPB7dyA1n,William,Smith
shelbysanchez@example.org,UrT29BcAqn,Linda,Rivers
samantha49@example.org,zVRA9l3W86,Rita,Lopez
zacharyhuff@example.net,ng7vjSiXzz,Michelle,Williams
egomez@example.com,hWmotDbgYv,Holly,Perry
ucantrell@example.net,XomrzAsXAA,Richard,Johnson
nicholas95@example.com,WeH7VlpxDp,Nicole,Gallegos
hmcconnell@example.com,qSTBcZzwpn,Taylor,Thomas
brittanywatkins@example.org,2p36QiRxAV,Jessica,Kennedy
julia60@example.net,Oec2GUdFP1,Dawn,Obrien
jrodriguez@example.net,wSrmcPsgqk,Ashlee,Pitts
david30@example.org,6lcKydQ5mp,Maria,Castillo
austinalvarez@example.net,ClLAR2Z4HO,Richard,Carter
grahamdebra@example.net,qbG1cIZF32,Justin,Velasquez
fordkathleen@example.com,WDgnoZOzzO,Melissa,Wolfe
tammy57@example.net,lOXBYkyNCw,Janet,Neal
santoskimberly@example.com,O6ZixL7Iyo,Molly,Lewis
cardenastaylor@example.net,vDHPZmVnWD,Christopher,Vaughan
warnerdeborah@example.com,pDx2JeM5Fc,John,Hoffman
gonzaleztaylor@example.org,jmS6eRVn8K,Joanna,Ellis
daltonatkins@example.com,ZI9bViOiyO,Joseph,Woodward
lisamunoz@example.net,96uuBZLi6F,Pamela,Andrews
edwardsalyssa@example.net,Pu54HolHUZ,Jason,Shah
carlhansen@example.org,s63tBT8SPH,Melvin,Wallace
mark45@example.org,92WTHhIrEQ,Timothy,Hahn
jacquelinereynolds@example.org,MeVKzY5eCp,James,Bowen
yoderlindsay@example.com,tnlSrlCNng,Susan,Dean
rileyjasmine@example.com,nD0716huGB,Sheila,Medina
codyharmon@example.com,tDy2Ft0yDl,Marcus,Morgan
smithandrew@example.com,QiBEf2vUC3,John,Jones
adamjones@example.com,vnoOY6h0dv,Emily,Mcneil
michael64@example.com,fvVXbjhITF,Robert,Rodriguez
andrewwilson@example.com,w8T59kx0VQ,Justin,Stewart
andersontony@example.com,bqGXXrFRvW,Glenn,Moss
jenniferbarron@example.com,UgJR2QXo9e,Linda,Bass
christineriley@example.com,S1hLcaYMKG,Emily,Rice
leonard30@example.com,cAVX4igl6S,Derek,Jones
arthur39@example.com,6CW0Mymjty,Daniel,Jones
blackburndaniel@example.com,awURo2286a,Joseph,Gomez
bmiller@example.com,GNw25mwXEw,Madeline,Everett
krandolph@example.net,K4ojlHb4w6,Bruce,Moreno
joshuamorris@example.org,Adv4ZEZqEx,Gary,Chang
moorewilliam@example.com,Vn8QTdnZMC,Erica,Johnson
justin73@example.org,ZW4K7xRwc0,Ruben,Sims
taylorjackson@example.org,GwTu3uWUnk,Christine,Barton
catherinejensen@example.com,0T9tFgJQLi,Howard,Wilson
clarktravis@example.com,igVcYIBFGe,Jennifer,Lawson
marc19@example.net,XjnkqRNFqG,Kimberly,Cain
diane25@example.com,YRP2aIsR72,Kim,Bolton
akeith@example.net,1wBTdi8GYP,Gordon,Austin
adamsashley@example.org,A5wziJjCWi,Maria,Peterson
wbaker@example.net,p0v0Q31SHY,Melissa,Williams
kevin72@example.net,oFrZZKN1IY,Jeffrey,Downs
dkelly@example.org,2HFoZ5T0oM,William,Turner
xgarcia@example.net,sQYdOV5LKG,Brittany,Woods
cristiangray@example.com,SttuoqSltu,Kristi,Acosta
jnielsen@example.org,5jpk6o9E7H,Chris,Bryant
qlyons@example.org,VG6xEUHxMw,Jennifer,Anderson
rodriguezstephen@example.net,7ZzZqL8QNN,Christine,Lamb
renee68@example.com,LRd6aqLjNn,Kelly,Clark
jacobhull@example.net,Yp7v3ZCU9v,Robert,Murphy
harpercourtney@example.com,OzJ5rrMuHf,Stacy,Davidson
michael55@example.org,uKUboGDmvW,Shelia,Reese
bradfordkevin@example.com,WRlw5sL8YI,Stephanie,Sweeney
ihill@example.org,YDx5kVldP3,Linda,Manning
bethboyd@example.net,SSjOtLR5xB,Dawn,Silva
reynoldskaren@example.org,Jj5GH7ihGj,Cassandra,Thompson
josecarrillo@example.net,uGR54GkKPd,Jose,Williamson
xharris@example.org,gp03p15WVZ,Jack,Elliott
wreynolds@example.com,fTXTGxnTBw,Timothy,Ritter
quinnbobby@example.com,p6SxGGd6n4,Linda,Madden
msmith@example.com,ww91qNn7Z6,Timothy,Stokes
morrissteven@example.com,u88jLw3nrd,Dominique,Brock
deborah36@example.org,JbhEvdWzsp,Thomas,Johnson
smiththomas@example.org,tonQde3gTW,Audrey,Valencia
williamsmith@example.com,yosn5DZqPj,Nicholas,Griffith
jenniferelliott@example.com,yxwxOip5hh,Courtney,Garcia
erik35@example.com,Ujdn5BU5eo,Connor,Wright
qharrington@example.org,LAVeYuvVM9,Nicholas,Smith
holly01@example.com,BI9dkB2Ddi,David,Jackson
pweiss@example.net,ndm6UWZ5wv,Sarah,Roberts
holson@example.org,iyKZRRjTLI,Alan,Thomas
xbutler@example.org,NoX32Lgmzo,Thomas,Oconnell
zgordon@example.com,nRShVVhCz4,David,Smith
martinbridges@example.net,5X3N6tNZLB,Joshua,Lynch
denise94@example.net,o46D9Nmwl3,Jamie,Nguyen
holly71@example.com,xbsiNr54hB,Micheal,Martin
matthew83@example.com,nv53gxM79u,Amber,Turner
rortega@example.org,3h9FTMGjg0,William,Escobar
jbryant@example.com,JAx9fxVEoH,Julie,James
usalas@example.org,7HnDMVpHAs,Joseph,Nguyen
henrymichelle@example.com,FzsOGuIgbu,John,Murphy
mistyowens@example.net,vBysx8tSiS,Deborah,Rodriguez
morgan62@example.com,MEnHqbjoGd,Michael,Jenkins
tylerrobert@example.net,fHKmEvVvlm,Alexandra,Monroe
oquinn@example.net,ocNHySn7tM,Rebecca,Chandler
john65@example.net,phmO1eOfmn,Patrick,Sullivan
ericksonandrea@example.com,tgytWL9FHA,Melanie,Mckee
kellercaleb@example.org,W1KflLaQ5R,Abigail,Taylor
lewiseric@example.com,1RtDF58uvK,Michael,Lopez
grossmark@example.org,JrFfcv5G1P,Joshua,Johnson
morrisonryan@example.com,ZS8D33Hfac,Michelle,Carter
fuentesgary@example.org,J56V6wTdRA,Harold,Martin
lewisstacy@example.org,IU8EmYRbnW,Lisa,Leon
mary61@example.net,MnNPDQKQhd,Anne,Flores
james11@example.org,TueDrZm3U4,Jessica,Johnston
robersontiffany@example.org,PHYK4HP631,Devin,Franco
debra78@example.org,EPdt9Hh0Wq,Crystal,Cummings
veronica28@example.net,eXxByoWlO7,Tammy,Davis
smithmark@example.net,cRPb6i2I4y,Ronnie,Morales
schaeferrichard@example.net,x3IWfenDNl,Tyler,Martinez
gloverjennifer@example.org,VaRAlbLDVT,Jessica,Brown
browningphillip@example.org,BtQA5dyKzC,David,Allen
langdiane@example.com,b8PVI3lGkn,Karen,Smith
scottkevin@example.com,waSRfiU4C6,Stephanie,Patton
charrison@example.net,ESihhj16qO,Brenda,Robertson
adamsmichael@example.com,kUvbhPGAFW,Stephanie,Schmitt
tyler78@example.org,J9MQ9in0ju,Ashley,Holt
pjohnson@example.net,6nF8fjeovY,Sarah,Wu
brandon22@example.net,KfGz87NRaD,Jennifer,Maddox
connerkimberly@example.net,nl6Wd5Mwxq,Gregory,Bowman
sawyerstephanie@example.com,w4hsesu6GG,Vincent,Bradshaw
patricia54@example.com,XJnsQkPN4X,Shane,Page
micheal60@example.net,Dm3eK4VxMk,Christina,Young
jonathanrush@example.net,g9x3HCre9a,Aaron,Alvarez
karengrant@example.com,fpDF44yU3F,Nathan,Washington
jasonjohnson@example.net,bhrTpZOHTP,Brian,Jackson
randallkelsey@example.net,XWxTcGTbeU,Courtney,Pacheco
jamesfuentes@example.net,IvlVLtObTL,Melanie,Bradley
mferguson@example.net,eru6AhXI9b,Jerome,Green
hperkins@example.org,jkwwwfTECX,Stacy,Dickerson
robert96@example.net,tDLDfLz6lz,Jeffery,Bartlett
carlastevens@example.net,x4YamxZtph,Michael,Smith
belindaharrison@example.org,nFUIrwryN9,Michael,Miller
stephaniebrooks@example.com,oi90OmnCRa,Matthew,Flores
haroldromero@example.net,44pQNXmlek,Mark,Poole
jesus13@example.net,dJAUHW48cT,Zachary,Russo
brownsusan@example.com,q4ZUMYyNl6,Angela,Kelly
gyoung@example.com,wL3nCx3Wis,Ryan,Hoffman
wcampbell@example.net,X3MRhvuN0w,Jesse,Davis
pittmansara@example.com,DtWkdpINDf,Melissa,Rodgers
thomasgrant@example.net,1z1VkI2UyN,James,Fowler
smithjustin@example.com,MGlQNd9qQB,Tammy,Maxwell
bryan36@example.org,SbQfjzIibk,Christina,Thompson
adrienne29@example.com,7W8gO12Q6D,Joshua,Wilson
melissa13@example.net,KNOwIR7qPA,Samantha,Dixon
patriciahancock@example.net,N3QnpnzXvk,Daniel,Weiss
qhowell@example.org,tKgUauuBGT,Michael,Collins
brittany98@example.org,oSuglDy7Wf,Robert,Goodman
tjoseph@example.com,0fh3OSPWx3,Tammy,Escobar
wallacesamuel@example.com,2LVwaKcKwL,Jeffrey,Watkins
nancycarr@example.net,1KS763p7tA,Eddie,Mendez
jodi53@example.com,W8mMHzD4Ve,Kathryn,Adkins
phelpsdanielle@example.net,ImvBbNBCoV,April,Moore
noah99@example.net,4Uma5vEjuK,Gordon,Clark
mhill@example.org,riVv0mw0JH,David,Simmons
christopheranthony@example.com,8hm6vs9Ien,Jason,Smith
brian85@example.com,hktZFL0b0o,Vicki,Allen
timothydalton@example.org,MjyXquoWDu,Colleen,Mcdonald
olsenpaula@example.net,PbE8xoAFPc,Crystal,Pace
gspencer@example.org,LMt5cTJsMe,Eric,Smith
ljones@example.com,psXkwc1ZbE,Diana,Bennett
jessicaharrison@example.net,MTGqZei8Qd,Tina,Lopez
morrisangela@example.org,xDsXvIWIkz,Brenda,Moore
thood@example.org,dSOyc9Zqnw,Kurt,Bennett
perryanthony@example.com,WllD9CAw1v,Diana,Williams
karenpayne@example.org,qH5nX4hwd4,James,Keller
craiglane@example.net,GkoZAFypNC,Rebecca,Sutton
erikevans@example.com,nKYgMib7Hn,Kristin,Atkins
melissa83@example.org,9anPA9kSYh,Sarah,Guzman
madison27@example.net,FhZAgoOGal,Harry,Rogers
erinjohnson@example.org,7hsWkrkOKr,Michael,Garza
andrewbryan@example.com,YOZy1MYYrD,Elijah,White
rhodescody@example.org,JGeBGTEqH3,Allison,Graham
karen72@example.net,3oPlSgjsjP,Susan,Sanders
martin28@example.com,9sf9JRqBlD,Jessica,Nelson
kelsey75@example.net,viFLCqI15a,Larry,Wilson
vbailey@example.net,XXdYpGDAKk,Wendy,Rodriguez
daniellekrueger@example.org,JjKzPHihDr,Eric,Ramos
burgesskimberly@example.com,R1vh6s2w6X,Linda,Cooke
christopher49@example.net,s4CsgZGQJ1,Joshua,Thompson
randy11@example.net,RNlTButMzQ,Deborah,Davis
hooverthomas@example.com,V7yjTjMHCX,Samuel,Higgins
fedwards@example.org,10yLEquUhh,Carol,Carr
susangillespie@example.org,VRaSErblS1,Darius,Nguyen
baldwinlaura@example.org,hXneQXTGJ1,Elizabeth,Mcmillan
kempamanda@example.org,5fD2FjWGcf,Anita,Hall
eoconnor@example.org,NucBLpPscU,Lynn,Wilson
antoniobradshaw@example.com,QeMmrqrRqH,Daniel,Bailey
iwood@example.net,FxpIPL8KJZ,Phillip,Dean
ynorton@example.com,9PT81SSRlo,David,Hanson
davidmartin@example.net,Il6ksYcWrY,Patricia,Garcia
xgrant@example.org,O07QxFMH6v,William,Tanner
lanezachary@example.com,T4aAFHFuEE,Jacob,Andersen
samanthagreen@example.com,nLvNZiSdPP,Tony,Thompson
sbrandt@example.org,dpZXnownCp,Troy,Hansen
johnsonjo@example.org,1sPZBsHloK,Jessica,Lewis
justin35@example.com,kWDGUQX6Sz,Michael,Huff
adam12@example.org,UamfcA615N,David,Taylor
ufarrell@example.net,7CxBOAwt2B,William,Chandler
amandaharris@example.com,ATaw1oeF52,Patricia,Christensen
pfletcher@example.com,bWWi1BDcwU,Heather,Miller
newtonjacob@example.org,Ycz55f9A3I,Joshua,Foster
aaroncochran@example.com,LUsJZZDX38,James,Escobar